question_external_id,asset_external_id,bucket,storage_path,source_path,packaged_path,asset_kind,caption,status
digital-data.past_paper.topics_01_02.q006,digital-data.past_paper.topics_01_02.q006.figure_1,question-imports,digital-data/image1.png,/Users/damiengartland/Desktop/Codex Work/GCSE Unit 1 Revision Project/_automark/figures/image1.png,/Users/damiengartland/Desktop/Codex Work/s1-network-revision-app/supabase/imports/question_assets_upload/question-imports/digital-data/image1.png,table_image,2018 Q4(b)(i) PNG and JPEG file format icons,packaged
digital-data.past_paper.topics_01_02.q007,digital-data.past_paper.topics_01_02.q007.figure_1,question-imports,digital-data/image2.png,/Users/damiengartland/Desktop/Codex Work/GCSE Unit 1 Revision Project/_automark/figures/image2.png,/Users/damiengartland/Desktop/Codex Work/s1-network-revision-app/supabase/imports/question_assets_upload/question-imports/digital-data/image2.png,table_image,2018 Q4(b)(ii) BMP file format icon showing 442 KB file,packaged
digital-data.past_paper.topics_01_02.q013,digital-data.past_paper.topics_01_02.q013.figure_1,question-imports,digital-data/image3.png,/Users/damiengartland/Desktop/Codex Work/GCSE Unit 1 Revision Project/_automark/figures/image3.png,/Users/damiengartland/Desktop/Codex Work/s1-network-revision-app/supabase/imports/question_assets_upload/question-imports/digital-data/image3.png,table_image,2019 Q2 COMPUTER STORE sales table,packaged
digital-data.past_paper.topics_01_02.q014,digital-data.past_paper.topics_01_02.q014.figure_1,question-imports,digital-data/image3.png,/Users/damiengartland/Desktop/Codex Work/GCSE Unit 1 Revision Project/_automark/figures/image3.png,/Users/damiengartland/Desktop/Codex Work/s1-network-revision-app/supabase/imports/question_assets_upload/question-imports/digital-data/image3.png,table_image,2019 Q2 COMPUTER STORE sales table,packaged
digital-data.past_paper.topics_01_02.q017,digital-data.past_paper.topics_01_02.q017.figure_1,question-imports,digital-data/image4.png,/Users/damiengartland/Desktop/Codex Work/GCSE Unit 1 Revision Project/_automark/figures/image4.png,/Users/damiengartland/Desktop/Codex Work/s1-network-revision-app/supabase/imports/question_assets_upload/question-imports/digital-data/image4.png,figure,2019 Q4 Vic's photo metadata,packaged
digital-data.past_paper.topics_01_02.q037,digital-data.past_paper.topics_01_02.q037.figure_1,question-imports,digital-data/image5.png,/Users/damiengartland/Desktop/Codex Work/GCSE Unit 1 Revision Project/_automark/figures/image5.png,/Users/damiengartland/Desktop/Codex Work/s1-network-revision-app/supabase/imports/question_assets_upload/question-imports/digital-data/image5.png,table_image,2023 Q1(c) Term exam results table,packaged
digital-data.past_paper.topics_01_02.q038,digital-data.past_paper.topics_01_02.q038.figure_1,question-imports,digital-data/image5.png,/Users/damiengartland/Desktop/Codex Work/GCSE Unit 1 Revision Project/_automark/figures/image5.png,/Users/damiengartland/Desktop/Codex Work/s1-network-revision-app/supabase/imports/question_assets_upload/question-imports/digital-data/image5.png,table_image,2023 Q1(c) Term exam results table,packaged
database-applications.past_paper.topics_03_04.q001,database-applications.past_paper.topics_03_04.q001.figure_1,question-imports,database-applications/image6.png,/Users/damiengartland/Desktop/Codex Work/GCSE Unit 1 Revision Project/_automark/figures/image6.png,/Users/damiengartland/Desktop/Codex Work/s1-network-revision-app/supabase/imports/question_assets_upload/question-imports/database-applications/image6.png,figure,"2018 Q2 Database Structure (Member, MemberNewsletter, Newsletter)",packaged
database-applications.past_paper.topics_03_04.q007,database-applications.past_paper.topics_03_04.q007.figure_1,question-imports,database-applications/image7.png,/Users/damiengartland/Desktop/Codex Work/GCSE Unit 1 Revision Project/_automark/figures/image7.png,/Users/damiengartland/Desktop/Codex Work/s1-network-revision-app/supabase/imports/question_assets_upload/question-imports/database-applications/image7.png,figure,"2019 Q3 DVD Rental Database (MEMBERS, LOAN, DVD)",packaged
database-applications.past_paper.topics_03_04.q017,database-applications.past_paper.topics_03_04.q017.figure_1,question-imports,database-applications/image10.png,/Users/damiengartland/Desktop/Codex Work/GCSE Unit 1 Revision Project/_automark/figures/image10.png,/Users/damiengartland/Desktop/Codex Work/s1-network-revision-app/supabase/imports/question_assets_upload/question-imports/database-applications/image10.png,figure,2021 Q2 tblCARSSOLD - tblCARS Relationship,packaged
database-applications.past_paper.topics_03_04.q039,database-applications.past_paper.topics_03_04.q039.figure_1,question-imports,database-applications/image18.png,/Users/damiengartland/Desktop/Codex Work/GCSE Unit 1 Revision Project/_automark/figures/image18.png,/Users/damiengartland/Desktop/Codex Work/s1-network-revision-app/supabase/imports/question_assets_upload/question-imports/database-applications/image18.png,figure,"2024 Q3 Booking Database (tblArtist, tblVenue, tblBookings)",packaged
database-applications.past_paper.topics_03_04.q053,database-applications.past_paper.topics_03_04.q053.figure_1,question-imports,database-applications/image21.png,/Users/damiengartland/Desktop/Codex Work/GCSE Unit 1 Revision Project/_automark/figures/image21.png,/Users/damiengartland/Desktop/Codex Work/s1-network-revision-app/supabase/imports/question_assets_upload/question-imports/database-applications/image21.png,table_image,2025 Q5 Customer Data Capture Form,packaged
spreadsheet-applications.past_paper.topics_03_04.q001,spreadsheet-applications.past_paper.topics_03_04.q001.figure_1,question-imports,spreadsheet-applications/image22.png,/Users/damiengartland/Desktop/Codex Work/GCSE Unit 1 Revision Project/_automark/figures/image22.png,/Users/damiengartland/Desktop/Codex Work/s1-network-revision-app/supabase/imports/question_assets_upload/question-imports/spreadsheet-applications/image22.png,table_image,2018 Q7 Staff Pay Spreadsheet,packaged
spreadsheet-applications.past_paper.topics_03_04.q011,spreadsheet-applications.past_paper.topics_03_04.q011.figure_1,question-imports,spreadsheet-applications/image23.png,/Users/damiengartland/Desktop/Codex Work/GCSE Unit 1 Revision Project/_automark/figures/image23.png,/Users/damiengartland/Desktop/Codex Work/s1-network-revision-app/supabase/imports/question_assets_upload/question-imports/spreadsheet-applications/image23.png,table_image,2019 Q8 SPORTZONE Tax Spreadsheet,packaged
spreadsheet-applications.past_paper.topics_03_04.q015,spreadsheet-applications.past_paper.topics_03_04.q015.figure_1,question-imports,spreadsheet-applications/image25.png,/Users/damiengartland/Desktop/Codex Work/GCSE Unit 1 Revision Project/_automark/figures/image25.png,/Users/damiengartland/Desktop/Codex Work/s1-network-revision-app/supabase/imports/question_assets_upload/question-imports/spreadsheet-applications/image25.png,chart,2019 Q8 Pie Chart of Activity Sessions,packaged
spreadsheet-applications.past_paper.topics_03_04.q018,spreadsheet-applications.past_paper.topics_03_04.q018.figure_1,question-imports,spreadsheet-applications/image26.png,/Users/damiengartland/Desktop/Codex Work/GCSE Unit 1 Revision Project/_automark/figures/image26.png,/Users/damiengartland/Desktop/Codex Work/s1-network-revision-app/supabase/imports/question_assets_upload/question-imports/spreadsheet-applications/image26.png,table_image,2021 Q3 Student Marks Spreadsheet,packaged
spreadsheet-applications.past_paper.topics_03_04.q028,spreadsheet-applications.past_paper.topics_03_04.q028.figure_1,question-imports,spreadsheet-applications/image29.png,/Users/damiengartland/Desktop/Codex Work/GCSE Unit 1 Revision Project/_automark/figures/image29.png,/Users/damiengartland/Desktop/Codex Work/s1-network-revision-app/supabase/imports/question_assets_upload/question-imports/spreadsheet-applications/image29.png,table_image,2022 Q3 School Tuck Shop Spreadsheet,packaged
spreadsheet-applications.past_paper.topics_03_04.q036,spreadsheet-applications.past_paper.topics_03_04.q036.figure_1,question-imports,spreadsheet-applications/image33.png,/Users/damiengartland/Desktop/Codex Work/GCSE Unit 1 Revision Project/_automark/figures/image33.png,/Users/damiengartland/Desktop/Codex Work/s1-network-revision-app/supabase/imports/question_assets_upload/question-imports/spreadsheet-applications/image33.png,table_image,2023 Q4 Garden Centre Wages Spreadsheet,packaged
spreadsheet-applications.past_paper.topics_03_04.q044,spreadsheet-applications.past_paper.topics_03_04.q044.figure_1,question-imports,spreadsheet-applications/image35.png,/Users/damiengartland/Desktop/Codex Work/GCSE Unit 1 Revision Project/_automark/figures/image35.png,/Users/damiengartland/Desktop/Codex Work/s1-network-revision-app/supabase/imports/question_assets_upload/question-imports/spreadsheet-applications/image35.png,table_image,2024 Q4 Community Project Budget Spreadsheet,packaged
spreadsheet-applications.past_paper.topics_03_04.q054,spreadsheet-applications.past_paper.topics_03_04.q054.figure_1,question-imports,spreadsheet-applications/image37.png,/Users/damiengartland/Desktop/Codex Work/GCSE Unit 1 Revision Project/_automark/figures/image37.png,/Users/damiengartland/Desktop/Codex Work/s1-network-revision-app/supabase/imports/question_assets_upload/question-imports/spreadsheet-applications/image37.png,table_image,2025 Q6 Bill's Satellite Dish Spreadsheet,packaged
computer-hardware.past_paper.topics_05_06.q001,computer-hardware.past_paper.topics_05_06.q001.figure_1,question-imports,computer-hardware/image39.png,/Users/damiengartland/Desktop/Codex Work/GCSE Unit 1 Revision Project/_automark/figures/image39.png,/Users/damiengartland/Desktop/Codex Work/s1-network-revision-app/supabase/imports/question_assets_upload/question-imports/computer-hardware/image39.png,table_image,2018 Q5 Laptop Spec Table,packaged
computer-hardware.past_paper.topics_05_06.q002,computer-hardware.past_paper.topics_05_06.q002.figure_1,question-imports,computer-hardware/image39.png,/Users/damiengartland/Desktop/Codex Work/GCSE Unit 1 Revision Project/_automark/figures/image39.png,/Users/damiengartland/Desktop/Codex Work/s1-network-revision-app/supabase/imports/question_assets_upload/question-imports/computer-hardware/image39.png,table_image,2018 Q5 Laptop Spec Table,packaged
computer-hardware.past_paper.topics_05_06.q003,computer-hardware.past_paper.topics_05_06.q003.figure_1,question-imports,computer-hardware/image39.png,/Users/damiengartland/Desktop/Codex Work/GCSE Unit 1 Revision Project/_automark/figures/image39.png,/Users/damiengartland/Desktop/Codex Work/s1-network-revision-app/supabase/imports/question_assets_upload/question-imports/computer-hardware/image39.png,table_image,2018 Q5 Laptop Spec Table,packaged
computer-hardware.past_paper.topics_05_06.q007,computer-hardware.past_paper.topics_05_06.q007.figure_1,question-imports,computer-hardware/image40.png,/Users/damiengartland/Desktop/Codex Work/GCSE Unit 1 Revision Project/_automark/figures/image40.png,/Users/damiengartland/Desktop/Codex Work/s1-network-revision-app/supabase/imports/question_assets_upload/question-imports/computer-hardware/image40.png,figure,2019 Q5 Computer Spec,packaged
computer-hardware.past_paper.topics_05_06.q010,computer-hardware.past_paper.topics_05_06.q010.figure_1,question-imports,computer-hardware/image41.png,/Users/damiengartland/Desktop/Codex Work/GCSE Unit 1 Revision Project/_automark/figures/image41.png,/Users/damiengartland/Desktop/Codex Work/s1-network-revision-app/supabase/imports/question_assets_upload/question-imports/computer-hardware/image41.png,diagram,2019 Q5(c) CPU Components Diagram,packaged
network-technologies.past_paper.topics_05_06.q010,network-technologies.past_paper.topics_05_06.q010.figure_1,question-imports,network-technologies/image42.png,/Users/damiengartland/Desktop/Codex Work/GCSE Unit 1 Revision Project/_automark/figures/image42.png,/Users/damiengartland/Desktop/Codex Work/s1-network-revision-app/supabase/imports/question_assets_upload/question-imports/network-technologies/image42.png,figure,2019 Q6(b) Bus Network Topology,packaged
network-technologies.past_paper.topics_05_06.q014,network-technologies.past_paper.topics_05_06.q014.figure_1,question-imports,network-technologies/image43.png,/Users/damiengartland/Desktop/Codex Work/GCSE Unit 1 Revision Project/_automark/figures/image43.png,/Users/damiengartland/Desktop/Codex Work/s1-network-revision-app/supabase/imports/question_assets_upload/question-imports/network-technologies/image43.png,diagram,2019 Q6(d) Star Network Labelling Diagram,packaged
network-technologies.past_paper.topics_05_06.q020,network-technologies.past_paper.topics_05_06.q020.figure_1,question-imports,network-technologies/image44.png,/Users/damiengartland/Desktop/Codex Work/GCSE Unit 1 Revision Project/_automark/figures/image44.png,/Users/damiengartland/Desktop/Codex Work/s1-network-revision-app/supabase/imports/question_assets_upload/question-imports/network-technologies/image44.png,figure,2022 Q7 Ring Network Topology,packaged
network-technologies.past_paper.topics_05_06.q040,network-technologies.past_paper.topics_05_06.q040.figure_1,question-imports,network-technologies/image45.png,/Users/damiengartland/Desktop/Codex Work/GCSE Unit 1 Revision Project/_automark/figures/image45.png,/Users/damiengartland/Desktop/Codex Work/s1-network-revision-app/supabase/imports/question_assets_upload/question-imports/network-technologies/image45.png,diagram,2024 Q6 Star Network Diagram,packaged
